sku,zipcode,store_id
https://www.lowes.com/pd/Valspar-Polyester-Angle-2-in-Paint-Brush/1002276642,19335,1729
https://www.lowes.com/pd/Project-Source/5013767111,22030,3274
https://www.lowes.com/pd/Project-Source/5013767143,32818,642
https://www.lowes.com/pd/Project-Source/5013767099,45213,1585
https://www.lowes.com/pd/Project-Source/5013767103,75209,2280
https://www.lowes.com/pd/Project-Source/5013767101,80012,102
https://www.lowes.com/pd/Project-Source/5013767117,90019,2714
https://www.lowes.com/pd/Purdy-3-Pack-XL-Nylon-Polyester-Blend-Angle-1-5-in-Paint-Brush-Set/999971916,30004,615
https://www.lowes.com/pd/Project-Source/5013767161,97223,1108
https://www.lowes.com/pd/Project-Source/5013767097,60174,1738
https://www.lowes.com/pd/Project-Source/5013767135,,
https://www.lowes.com/pd/Valspar-Polyester-Angle-1-in-Paint-Brush/1000507161,,
https://www.lowes.com/pd/Project-Source/5013767133,,
https://www.lowes.com/pd/Project-Source-5-Pack-Multiple-Sizes-Reusable-Natural-Bristle-Round-Paint-Brush-Art-Brush/5014610183,,
https://www.lowes.com/pd/Project-Source-3-Pack-Multiple-Sizes-Reusable-Polyester-Flat-Paint-Brush-Art-Brush/5014610181,,
https://www.lowes.com/pd/Project-Source/5013767139,,
https://www.lowes.com/pd/Purdy-XL-Dale-Nylon-Polyester-Blend-Angle-2-in-Paint-Brush/1000506133,,
https://www.lowes.com/pd/Purdy-XL-Dale-Nylon-Polyester-Blend-Angle-1-in-Paint-Brush/1000506117,,
https://www.lowes.com/pd/Purdy-XL-Glide-Nylon-Polyester-Blend-Angle-2-in-Paint-Brush/999971950,,
https://www.lowes.com/pd/Project-Source/5013767203,,
https://www.lowes.com/pd/Purdy-XL-Cub-Nylon-Polyester-Blend-Angle-2-in-Paint-Brush/999972034,,
https://www.lowes.com/pd/Purdy-Clearcut-Glide-Nylon-Polyester-Blend-Angle-2-5-in-Paint-Brush/1000503887,,
https://www.lowes.com/pd/Valspar-Polyester-Angle-2-in-Paint-Brush/1000507169,,
https://www.lowes.com/pd/Purdy-XL-Sprig-Nylon-Polyester-Blend-Flat-3-in-Paint-Brush/1000506181,,
https://www.lowes.com/pd/Purdy-XL-Glide-Nylon-Polyester-Blend-Angle-3-in-Paint-Brush/1000506149,,
https://www.lowes.com/pd/Valspar-3-Pack-Polyester-Flat-and-Angle-2-in-Paint-Brush-Set/1000514805,,
https://www.lowes.com/pd/Purdy-XL-Glide-Nylon-Polyester-Blend-Angle-2-5-in-Paint-Brush/1000625189,,
https://www.lowes.com/pd/ROMABIO-Flat-Nylon-Paint-Brush/5013578701,,
https://www.lowes.com/pd/Purdy-Pro-Extra-Glide-Nylon-Polyester-Blend-Angle-3-in-Paint-Brush/999971968,,
https://www.lowes.com/pd/Project-Source/5013767119,,
https://www.lowes.com/pd/ROMABIO-4-in-Assorted-Flat-Paint-Brush-Wall-Brush/5014074079,,
https://www.lowes.com/pd/Vasari/5013290849,,
https://www.lowes.com/pd/Project-Source/5013825929,,
https://www.lowes.com/pd/Valspar-Natural-Bristle-Polyester-Blend-Flat-3-in-Paint-Brush/1000514777,,
https://www.lowes.com/pd/Purdy-XL-Dale-Nylon-Polyester-Blend-Angle-2-5-in-Paint-Brush/1000506125,,
https://www.lowes.com/pd/Purdy-3-Pack-Glide-Paint-Brush-Common-Actual/1002722622,,
https://www.lowes.com/pd/Purdy-XL-Swan-Nylon-Polyester-Blend-Flat-4-in-Paint-Brush/1002268380,,
https://www.lowes.com/pd/Valspar-Polyester-Angle-2-5-in-Paint-Brush/1000506259,,
https://www.lowes.com/pd/Purdy-Nylox-Sprig-Nylon-Flat-3-in-Paint-Brush/1000506157,,
https://www.lowes.com/pd/Project-Source/5013825913,,
https://www.lowes.com/pd/Valspar-Polyester-Angle-3-in-Paint-Brush/1000507165,,
https://www.lowes.com/pd/Project-Source/5013767131,,
https://www.lowes.com/pd/Valspar-Polyester-Angle-2-in-Paint-Brush/1000514793,,
https://www.lowes.com/pd/Purdy-Clearcut-Dale-Nylon-Polyester-Blend-Angle-2-in-Paint-Brush/999971972,,
https://www.lowes.com/pd/Valspar-Natural-Bristle-Polyester-Blend-Flat-4-in-Paint-Brush/1000514773,,
https://www.lowes.com/pd/Valspar-Natural-Bristle-Polyester-Blend-Angle-2-in-Paint-Brush/1002276692,,
https://www.lowes.com/pd/Purdy-Nylox-Glide-Nylon-Angle-2-in-Paint-Brush/1000506109,,
https://www.lowes.com/pd/Valspar-Polyester-Flat-2-in-Paint-Brush/1002276842,,
https://www.lowes.com/pd/Cabot/5013302699,,
https://www.lowes.com/pd/Valspar-Natural-Bristle-Polyester-Blend-Angle-2-in-Paint-Brush/1000507149,,
https://www.lowes.com/pd/Purdy-XL-Glide-Nylon-Polyester-Blend-Angle-1-5-in-Paint-Brush/1000506141,,
https://www.lowes.com/pd/Purdy-Nylox-Dale-Nylox-Nylon-Angle-2-5-in-Paint-Brush/1002017938,,
https://www.lowes.com/pd/Purdy-XL-Sprig-Nylon-Polyester-Blend-Flat-2-in-Paint-Brush/1000506165,,
https://www.lowes.com/pd/Purdy-White-Bristle-Extra-Oregon-2-in-Angle-Trim-Brush-Natural-Bristle-Paint-Brush/5013578967,,
https://www.lowes.com/pd/Purdy-Pro-Extra-Glide-Nylon-Polyester-Blend-Angle-2-5-in-Paint-Brush/999971964,,
https://www.lowes.com/pd/Valspar-Polyester-Angle-1-5-in-Paint-Brush/1000514789,,
https://www.lowes.com/pd/Valspar-Polyester-Angle-3-in-Paint-Brush/1000514801,,
https://www.lowes.com/pd/Valspar-Polyester-Angle-2-5-in-Paint-Brush/1000514797,,
https://www.lowes.com/pd/Purdy-1-Paint-Brush-Common-Actual/5001572251,,
https://www.lowes.com/pd/Purdy-Clearcut-Dale-Nylon-Polyester-Blend-Angle-1-5-in-Paint-Brush/1000503885,,
https://www.lowes.com/pd/Zibra-Polyester-Angle-1-in-Paint-Brush/3693266,,
https://www.lowes.com/pd/Purdy-1-Paint-Brush-Common-Actual/5001572249,,
https://www.lowes.com/pd/Project-Source/5013825905,,
https://www.lowes.com/pd/Marshalltown-9-in-Natural-Stippling-Faux-Finish-Paint-Brush/5001934103,,
https://www.lowes.com/pd/Project-Source/5013825899,,
https://www.lowes.com/pd/Valspar-Polyester-Flat-3-in-Paint-Brush/1000514785,,
https://www.lowes.com/pd/Purdy/5013825671,,
https://www.lowes.com/pd/Purdy-Pro-Extra-Sprig-Natural-Bristle-Flat-3-in-Paint-Brush/999971690,,
https://www.lowes.com/pd/Purdy-XL-Sprig-Nylon-Polyester-Blend-Flat-2-5-in-Paint-Brush/1000506173,,
https://www.lowes.com/pd/Marshalltown-5-in-Natural-and-Synthetic-Stippling-Faux-Finish-Paint-Brush/1000204387,,
https://www.lowes.com/pd/Project-Source/5013767129,,
https://www.lowes.com/pd/Zibra-Polyester-Angle-1-25-in-Paint-Brush/3727325,,
https://www.lowes.com/pd/Project-Source/5013825919,,
https://www.lowes.com/pd/Valspar-Natural-Bristle-Polyester-Blend-Angle-2-in-Paint-Brush/1000514781,,
https://www.lowes.com/pd/Purdy-Syntox-Flat-Nylon-Angle-2-in-Paint-Brush/999972050,,
https://www.lowes.com/pd/Purdy-White-Bristle-Sprig-Natural-Bristle-Flat-2-5-in-Paint-Brush/999971928,,
https://www.lowes.com/pd/DRYLOK-DRYLOK-Brush/5001756561,,
https://www.lowes.com/pd/Purdy/5014001967,,
https://www.lowes.com/pd/Purdy-White-Bristle-3-in-Natural-Bristle-Flat-Paint-Brush/5015018199,,
https://www.lowes.com/pd/Purdy/5013825675,,
https://www.lowes.com/pd/Project-Source/5013825925,,
https://www.lowes.com/pd/Purdy-Nylox-Sprig-Nylon-Flat-2-in-Paint-Brush/999971758,,
https://www.lowes.com/pd/Project-Source/5013767123,,
https://www.lowes.com/pd/Zibra-1-Zibra-Paint-Brush-Common-Actual/1003016464,,
https://www.lowes.com/pd/Purdy/5013825689,,
https://www.lowes.com/pd/Project-Source/5013825923,,
https://www.lowes.com/pd/Purdy-1-Paint-Brush-Common-Actual/5001572255,,
https://www.lowes.com/pd/Valspar/5013494467,,
https://www.lowes.com/pd/Purdy-Chinex-Sprig-Chinex-Flat-3-in-Paint-Brush/1001106066,,
https://www.lowes.com/pd/Purdy-White-Bristle-Sprig-2-in-Reusable-Natural-Bristle-Flat-Paint-Brush-Trim-Brush/5015018201,,
https://www.lowes.com/pd/Purdy-1-Paint-Brush-Common-Actual/5001572253,,
https://www.lowes.com/pd/Purdy-White-Bristle-2-1-2-in-Reusable-Natural-Bristle-Angle-Paint-Brush-Trim-Brush/5015018205,,
https://www.lowes.com/pd/Purdy-XL-High-Capacity-Nylon-Polyester-Blend-Angle-3-in-Paint-Brush/1000897250,,
https://www.lowes.com/pd/WHIZZ-WEDGE-Trim-and-Walls-Polyester-Angle-1-5-in-Paint-Brush/1000018715,,
https://www.lowes.com/pd/Magnolia-Home-1-3-4-in-Reusable-Natural-Bristle-Round-Paint-Brush-Chalk-and-Wax-Brush/5014873607,,
https://www.lowes.com/pd/ACTION-1-12-Pack-Paint-Brush-Common-Actual/5000915911,,
https://www.lowes.com/pd/Blue-Hawk-Natural-Bristle-Polyester-Blend-Round-3-in-Paint-Brush/1000608387,,
https://www.lowes.com/pd/WHIZZ-WEDGE-Trim-and-Walls-Polyester-Angle-2-5-in-Paint-Brush/1000018709,,
https://www.lowes.com/pd/Project-Source-Polyester-Flat-4-in-Paint-Brush/50369840,,
https://www.lowes.com/pd/Valspar-Polyester-Flat-2-5-in-Paint-Brush/1002276892,,